original_text,actual_stars,predicted_stars,explanation,approach,json_valid
"What happened to this place?  The first time I went about a year ago, both the food and service were great.

Second time, last May, I ordered the same dish and it was horrible.  Drowning in sauce.  But, at least the service was decent.

Just went a third time and it will be my last.  Both the food and service were horrible.  Went for lunch, sat inside and it wasn't very busy.  Our waiter was totally out of it and only had 4 tables and hardly paid any attention to us and kept forgetting things, like taking our order to start.  

Then, even the food runner forgot to bring me half my meal after I asked her for it.  In the meantime, I counted at least 17 staff member hanging out in the kitchen area, which is open, so you can see them and half of them were folding napkins.

My food was not very good and actually made me a little sick.  This is a shame, especially because there aren't many places in Phx that have vegan choices, but for the price you pay, I would expect a lot more.",1,1,"The review expresses strong disappointment with both food and service on the most recent visit, a significant decline from a previous positive experience. The reviewer also mentions feeling sick from the food.",Few-Shot,True
"Contemporary atmosphere.  Good range of Italian offerings.  Attentive wait staff.  Portions generous.  Price reasonable.  Food fine.  
I'd go again.",3,4,"Overall positive sentiment with mentions of good atmosphere, attentive staff, generous portions, reasonable price, and a willingness to return.",Few-Shot,True
"Only reason for the 2 stars is for the service. 
The food was not very good at all. My dinner was hardshell taco's or something that consist of hardshell taco's but when they came out the shells were soggy and you couldn't eat them. 
The drink specials were good and we had a very nice server.",2,2,"Mixed sentiment. Positive service, but negative food quality (soggy tacos).",Few-Shot,True
"Love the shows the promoters bring in. Cozy spot where I've seen Owl City, A Fine Frenzy, Landon Pigg and more. Plus they are generous with the Malibu Rum :) You will need to visit the bar to get your own as I've never really seen cocktail servers. Oh well... 

Atmosphere is laid back, chill. A large patio. And yes, the Shaker Room. The hot, shake your stripper ass, place to be.",5,5,"Strong positive sentiment due to enjoyment of shows, cozy atmosphere, generous drinks, and laid-back vibe.",Few-Shot,True
"Jan Ross has one of the best selections of crystals I've seen - they literally had every crystal I was looking for, and I subsequently left as a satisfied customer. Friendly staff too.",4,5,"Positive sentiment due to excellent selection, customer satisfaction, and friendly staff.",Few-Shot,True
"I'm sad to say that I wasn't in love with MacAlpine's.  The fact that the building has never been restored is cool, in a dirty kind of way.  The floors will never be clean enough, because they are so old.  That may seem ridiculous, but cleanliness is important to me when I'm eating somewhere.

Our server was odd, but helpful and attentive.  We spent a good amount of time oogling the random items displayed throughout and were entertained with our surroundings.

The food is where I saw the problem- my Mac Cheeseburger was bland and tasteless.  My broccoli and cheese soup was below average.  I wasn't impressed one bit.

We ended up having dessert.  I opted for a single scoop of Chocolate Malt Krunch, which I'd never had before and didn't love (total personal preference as my friend loved it).  MacAlpine's is cool, but I think purely as a place to get something sweet.",3,2,Mixed feelings. Cool atmosphere but food quality is poor and cleanliness is a concern.,Few-Shot,True
"eeew. It started with a cranky waiter who told me that if I wanted to know the specials, then I should have read them on the board. The food was downhill from there. The entire place smelled like fried onions.",1,1,Strong negative sentiment due to poor service and unpleasant food and smell.,Few-Shot,True
"Just went to this theater last night, and it was great!  Started with friendly staff...every one of them! (not common these days)  Went to get a popcorn, and the nice girl suggested....""why don't you press your button at your seat and someone will come serve you!  Take advantage of the service!""  We went to our seat and after we pressed the service button, someone came within a few minutes.  There was a full menu at our fingertips...including alcohol and specialty coffees.  Our seats were comfortable, leather (or pleather), roomy, we could stretch out our legs without touching the chairs in front of us, we had 3 cup holders between the both of us, and the seats leaned back.  Not a bad seat in the theater...we got to pick our seats BEFORE we went into the movie on a touch screen computer/pad.  

I'm really impressed with the prices, too, because for just $2 more than a regular, cramped, loud, teenager-infested movie theater, we felt like we were getting First Class treatment, all night!  The snack, food and drink prices are typical for a movie theater; but not more than it would be elsewhere.  Pretzel was about $4.50 and Hummus was about $6.50 for example.  

I'm sad to read Ruth Ann's review because it sounds like an isolated incident, and it also sounds like they did a lot to take care of the issues she had...an experience can't be absolutely perfect.  In my case, there was a little bit of stickiness near my cup holder, but that's not something that will bring my experience down an entire star or 3! 

Go to this theater!  It's really a great night out! (As long as you like the movie you pick, which we did :)",5,5,"Extremely positive review highlighting excellent service, comfortable seating, and reasonable prices. The reviewer also dismisses a negative review as an isolated incident.",Few-Shot,True
"Ahh what a nice place to let your four legged friend run free! This park is huge, spacious, lots of trees, benches (for the two legged friends) and trash cans. One of the best  bark parks in the Valley. Not too many complaints other than the jerks who refuse to pick up after the doggies. People please, they have pooper scoopers, baggies, and trash cans, it couldn't be easier. Oh, and if you have an aggressive dog, maybe take him for a walk outside instead of letting killer on the loose in the park. My Golden is notorious for being over friendly and ran up to a huuuuge bull mastiff (I shall not name names, but it rhymes with bing!) grabbed my golden by the neck and pinned him down till we removed the mastiff off. Anyway, point it... it's a dog friendly park... let's keep it that way. Oh and another reason to keep the kiddies out, I think there's even a sign posted up there. I see kids running up to dogs over petting, grabbing tails, etc... not a good idea. Read the signs parents, it's for your own benefit. So bring your dogs here, they'll have a blast playing, running, smelling this and that, good times.",4,4,"Largely positive review of the dog park, highlighting its spaciousness and amenities, but with concerns about irresponsible dog owners and children's safety.",Few-Shot,True
Great mall. has pretty much everything.,4,4,Positive sentiment indicating a comprehensive and satisfying shopping experience.,Few-Shot,True
"Totally sufficient for a few rounds of pool or darts while keeping an eye on the 67 tv screens they have mounted on the walls.

Just stick to the cheap pitchers of domestic beer. I ordered a rum and coke and it tasted like cleaning products. 

I would come back, but only if I didn't feel like driving all the way to Lucky Break in Tempe.",3,3,"Mixed experience. Positive about the atmosphere and activities, but negative about the rum and coke. Suggests it's a fallback option.",Few-Shot,True
"Great Happy Hour. Get the TACO BASKET~!
Thursday-Mexican Beer $3",4,4,Positive sentiment due to 'Great Happy Hour' and specific mention of a popular item.,Few-Shot,True
"my husband and i LOVE this place! 

no, we cannot afford to get our weekly groceries here (although it would be terrific if we could), but we view oakville as an excellent alternative to dining out on the weekend. 

the food is delicious (think deli, simplicity, quality ingredients), and the atmosphere is comfortable and relaxing! we found that if it's too crowded inside, then it's easy enough go outside to the awesome patio area to enjoy our beer and goodies :)",5,5,"Strong positive sentiment expressed with words like 'LOVE', 'delicious', 'comfortable', and 'relaxing'. The reviewer clearly enjoys the food and atmosphere.",Few-Shot,True
"I found this little hot spot on Yelp and used my phone to navigate me there; I wouldn't have found it otherwise.  This small establishment is hidden in a neighborhood right off of Historic Downtown Chandler.  It's a quaint little diner with modest d√©cor.  I felt very comfortable there and the service was fast and friendly.  As I looked over the menu the first thing I saw was the Morning Monte and havarti cheese as one of the ingredients.  Cheddar isn't better; it's all about havarti folks!  I needn't look further; I knew that's what I was having.  Hawaiian bread French toast, bacon, turkey, egg and the havarti - absolutely delicious!  Can't wait to come back and bring everyone I know.",5,5,"Strong positive sentiment about the food, service, and overall experience. The reviewer explicitly states they 'absolutely' loved the Morning Monte and are eager to return.",Few-Shot,True
"oooooooooh man am I SO GLAD this place isn't near my house, I would gain 20 pounds in no time! 

My sister took me here for the first time a couple weeks ago and my mind was blown by all the unique flavors they served! 

The shop itself is very cute and modern. I like that they have a section in the back with a bunch of board games, very cool. 

As for the ice cream I got the dutch chocolate and the horchata. The horchata was so so good, I cant stop thinking about it! 

The following week I took the husband there. Again the ice cream was very good but the service was terrible. It was an older lady behind the counter and she really couldn't care less that we were standing there. She let me sample an ice cream and then I just stood there for a good 5 minutes while she did other things behind the counter. We did finally get served but my husband wasn't impressed with the serves one bit. This time I got my ice cream in a waffle cone, the cone was so light and airy, I loved it!",4,4,"Mostly positive experience with unique flavors and good ice cream, but marred by one instance of terrible service.",Few-Shot,True
"I went here for lunch a couple of weeks ago with my bosses. It was packed on a Friday - we sat at the bar and our cook was fantastic! We got to sit and chat with him while he worked away at the orders. I had the chicken pesto pasty and it was wonderful! the bread used is similar to a pastry dough type...but not as sweet. The pasty was so filling, I could barely finish it.

My bosses have been there before and have always wanted to try the peanut butter and jelly pasty - so we all split it as dessert and it was so good. They put bananas in it and drizzle jelly over the whole pasty. It's definitely rich and gooey. 

I would totally go back here again and have told my friends about it too! Amazing place.",5,5,"Strong positive sentiment: fantastic cook, wonderful food, and a desire to return.",Few-Shot,True
"Friendly, knowlegeable, GREAT coffee, cute place where you can everything from meetings to weddings, take a yoga class, and meet great people on Monday nights for Leashes and Lattes!",4,5,"Strong positive sentiment expressed through multiple positive attributes (friendly, great coffee, cute place).",Few-Shot,True
"After stopping by Gallo Blanco for breakfast our second and last time, I have to wonder when the last time was that Doug Robson set foot in his establishment?  We have been going to Gallo Blanco since it opened on a regular basis and finally decided to try breakfast a couple of weeks ago.  We showed up about an hour after they opened, requested coffee and OJ, and were told that they had no OJ because ""no one worked last night, so no one made it.""  Uh, okay, what have you slackers been doing for the hour that you've been open this morning?  Fast forward to yesterday, when we decided to give it another go.  We showed up about 45 minutes after they opened, desperately wanting a Bloody Mary.  Guess what?  The bartender hadn't showed up yet...we were walking out to go elsewhere (we REALLY wanted a Bloody Mary--don't judge) when she did arrive and we popped over and ask if she could make them--then we would have sat back down and had breakfast.  Nope, she said, she needed 15 minutes to get set up.  It wasn't the 15 minute wait that made us leave--we had to drive somewhere else, after all--but her response sent us to the door.  F you, Gallo Blanco, for hiring a parade of unsupervised, couldn't-care-less-hipsters that are slowly ruining the excellent reputation Robson worked so hard to earn.",2,1,Extremely negative sentiment due to multiple service failures and perceived lack of care from staff.,Few-Shot,True
Great food!!!  Everything on the menu is good.  The bacon guacamole burger is next to perfection.,5,5,Strong positive sentiment about the food quality and menu options.,Few-Shot,True
"They had me at Baked.Goat.Cheese.   The appetizers were phenomenal, we got the Bake Goat Cheese that came with their freshly baked brick oven bread and my bf got the Romaine salad with fuji apple & bacon.  But the baked cheese was by far the better of the two.

Main courses also didn't disappoint we ordered the white fish and hanger steak.  I only had a bite of the fish so I can't speak that much to it, the bf enjoyed it.. it had too much lemon in the sauce for me, but I hate lemon flavoring so it's probably better to take his word for it!   The steak had this amazing sauce that accompanied it that added such a nice flavor to compliment the steak.  Both entrees were pretty good size portions, especially after appetizers. And we also split a side of sweet corn polenta that we couldn't finish

The actual restaurant its self is very open, there is an outside covered patio and a smaller patio for the bar that's out in the open.  

Valet only, complementary

Sat Night wait time: approx 20 mins

Clientele: On Sat night we had a big table of your typical Scottsdale Cougars, average couples and groups ranging from mid 20s to 60s and a bachelorette party of 4 girls who were barely 21 (not the typical place for a bachelorette party)",4,5,"Strong positive sentiment about the appetizers and main courses, especially the baked goat cheese and hanger steak. The reviewer also mentions the restaurant's ambiance and short wait time.",Few-Shot,True
"Meh..not particularly memorable.
I've eaten at this location and the one by ASU, though I like this location better. I would probably only eat here if I was walking by and I was starving. 
The cookies ROCK though, I like that you get one with your sandwich. And they have my favorite flavor of Jones Soda (Sugar-free Black Cherry) which kicked ass. 

Warning: The roast beef sandwich (Overture?) comes with horseradish sauce and it is hot as a mother.  I like the spice but it was almost unbearable. My nose pretty much turned into a snotty waterfall. 

Go to Opa Grill next door instead.",3,3,"Mixed sentiments. The reviewer likes the cookies and soda, but finds the sandwich too spicy and suggests going to a different restaurant instead. The overall tone is lukewarm.",Few-Shot,True
"My sweet tooth was yelling at me! I had to stop in. Four times (to date) and each time I try something different. Other than the cheese curds (which where just ok) each visit was for the frozen custard. 
VERY RICH and CREAMY a little goes a LOOOOONG way. I have tried a small berry sundae, a pineapple malt, and a small black cherry cheesecake concrete mixer. 

The sundae by far has been my favorite. I love the simplicity, the berries were not overly sweet, strangely artificially thickened. 

The malt was nice and malty which I really appreciated and was rather thick even after melting slightly. 

Now the concrete mixer was the richest of the rich. Maybe it was because I decided to go with a cheesecake flavor (to which you can add any other fruit or topping flavor). It was very tart like cream cheese (about as tart as a good Greek yogurt) with small bits of graham crumbs swirled through and of course the blackberry flavor.",3,4,"Largely positive review focusing on the frozen custard and various flavors. The reviewer enjoyed the sundae and malt, and while the concrete mixer was very rich, it was still appreciated. The cheese curds were the only negative point, but the overall sentiment is positive.",Few-Shot,True
"Oooohhhh baby I loooove your way...everyday...yeeeaaaahhh.

I wanna be with you night and day....

Went back to the swizzle last night and fell in love again.

With pool.
With dives.
With football.
With beer.
With diversity.
With the random atrium.
With the jukebox.
With life.

How can you beat pool and beer, combined with an awesome location, a diverse crowd, and a room full of people screaming at the TV because football is on? Then top that with the weird quirkiness that makes me warm and fuzzy on the inside...the atrium, a lovely bathroom and random bumper stickers at the bar. 

The End.",5,5,Extremely positive sentiment expressed through enthusiastic language and appreciation for multiple aspects of the establishment.,Few-Shot,True
"My wife and I just got married at Blackstone, and I'm still amazed at how awesome they are to work with.  Elizabeth, Megan, and Alicia all worked tirelessly to make our wedding memorable.  The location couldn't have been better, I'm still getting compliments on how beautiful it was.  We read the glowing reviews prior to booking, and all I can say is that I agree with them 100%.",5,5,Extremely positive sentiment expressing amazement and satisfaction with the wedding venue and staff.,Few-Shot,True
Great place to go before heading to the zoo. Not a lot of seating if you're with a big party,5,4,"Generally positive experience, but seating limitations mentioned.",Few-Shot,True
"I absolutely love this regional park! The only pitfall is the cost of admission.....Seems to me that a park should be free to enter but I understand that there are costs for maintenance as well. Buying an annual park pass makes the most sense if you plan on making repeat visits. Beautiful views of the valley from any trail. All levels of intensity for hiking, biking and the like. Hard to believe the mountain is surrounded by houses because it seems so serene when visiting.",4,4,"Overall positive sentiment due to beautiful views and variety of trails, slightly offset by the admission cost.",Few-Shot,True
"Luci's is a good neighborhood spot to buy your health foods, drop in for a coffee or fresh made baked good, or pick up some beer or frozen meat on the way home.  I agree with Pamela's sentiment about it being a marriage of TJ's and Hi-Health with AJ's prices. 

I've had a couple of bad cups of coffee here, but in the 10-12 times I've been they have always been very nice and have remedied any problem very quickly. If it wasn't on my route, I may not stop here much though. Trader Joe's and Hi-Health are right next door to each other at 20/Camelback and you can save a ton of money if you do it that way!",3,4,"Generally positive experience with good service recovery, although not a destination spot.",Few-Shot,True
Wow!  Went on a Sunday around 11am - busy but not packed.  Roomy and comfortable.  GREAT food.  Bacon meaty and tasy.  I had the french toast on recommendation and it was fantastic.  Great atmosphere...just an all around great place.  We were in from LA for a baseball game and wanted a non-chain local place and found this place on Yelp.  Glad we went!,5,5,"Strong positive sentiment expressed through words like 'GREAT,' 'fantastic,' and 'great atmosphere.' The reviewer was very satisfied with the food and overall experience.",Few-Shot,True
"Over-priced for the size of the facility and equipment available. The staff is friendly enough, and seeing as how its the closest 24 hour fitness place in this neighborhood, i suppose they get away with the price :)",3,3,"Negative sentiment about the price and size, but positive about the staff and convenience.",Few-Shot,True
"Pretty good place.  You never actually know who is your server because several different people actually wait on you.  The service can be slow at times which can get annoying.  The space is pretty big, bigger than what it seems from the street.  The food was so-so.",3,3,"Mixed sentiments: 'Pretty good place' but service is inconsistent and slow, food is 'so-so'.",Few-Shot,True
"Located in the W Hotel in Old Town Scottsdale, this hipster hangout is always busy.  I recommend a reservation if you're planning to dine here.  The Better Half and I drop in here from time to time.  Since I don't eat Sushi, I order:

Ji-Dori Chicken Skewers withTeriyaki Sauce - $10
http://www.yelp.com/biz_photos/DwP10iEz5LGf3fhcVQZm0Q?select=x_60nAIMvJX9k_s9HAPiOA

Filet Mignon wrapped Asparagus with Soy Mirin Sauce - $15
http://www.yelp.com/biz_photos/DwP10iEz5LGf3fhcVQZm0Q?select=19cHPtx8ahwZTPC5xIARFQ
http://www.yelp.com/biz_photos/DwP10iEz5LGf3fhcVQZm0Q?select=_4XhXTuYKQnypHmylm-mQg

And for Dessert, a warm Chocolate Cake...yum!
http://www.yelp.com/biz_photos/DwP10iEz5LGf3fhcVQZm0Q?select=KoyBtoSTBrhM2dLD8zs_PA
http://www.yelp.com/biz_photos/DwP10iEz5LGf3fhcVQZm0Q?select=iKBiwthdGtENIqWfGK1V1A

The Chicken Skewers are very tasty.  The Teriyaki Sauce they are glazed are sweet and have the right amount of ""sour"" kick to it to balance the flavor.  The Filet Mignon wrapped Asparagus is awesome...the Filet is tender and juicy and the Asparagus compliments it well.  Of course, the Chocolate Cake dessert is a nice ending for the meal.

The service can be a bit slow at times, depends on the server.  Generally speaking, it's pretty good considering how busy they are.

The people watching here is pretty good...watching all of the hipsters is hilarious.

Return Factor - 93%",4,4,"Positive descriptions of the food (chicken skewers, filet mignon, chocolate cake) outweigh the slightly negative comment about slow service. The 'Return Factor - 93%' also indicates a high likelihood of return.",Few-Shot,True
"I got a coupon at a past Yelp event to try them out and I'm SO glad I did!  Massage Envy really exceeded my wildest expectations for a chain that offers affordable rates for massage therapy.  I was pleasantly surprised by the level of expertise and professionalism that I experienced!

My massage therapist was Dannie and she worked through my trigger points and loosened my tight muscles with an intuition that I have rarely experienced.

I highly recommend this place and hope to return soon!",5,5,Strongly positive experience with exceptional service and expertise.,Few-Shot,True
"Four Peaks serves up some great beers and great eats.  This is no secret so no matter which day out of the year or which hour and minute out of the day you go you will see a full patio, and a populated bar.  Plan accordingly.  Try their Italian beer bread, the Carne Adovada, or the Southwest burger and wash it down with a pint of Hop Knot or Kilt Lifter.  You will be happy you did.  All of Four Peaks' menu items are appropriately priced and you will always leave satisfied.",5,5,"Strong positive sentiment about the beer, food, and overall experience. Mentions specific dishes and beers, indicating satisfaction.",Few-Shot,True
"An Ode to Walmart: It's Walmart

A senior citizen handing out carts at the door.  My cart doesn't roll straight.  I'm not surprised.  There are no baskets, just carts.  Is that a hint?

It's Walmart.

More babies than a daycare.  More seniors than a senior center.  And tattoos for everyone.

It's Walmart.

Cardboard kingdoms of snacks, a tower of cheese balls bigger than you head for $5.98 each, a wall of ramen labeled ""Cup-O-Soup,"" and a kid putting cheese balls bigger than your head into his family's cart.

It's Walmart.

Fifty cent clearance plastic margarita glasses.  A crate of $5 DVDs bigger than my bathtub.  The PA announces ""All loaders, code 60.  All loaders, code 60.""

It's Walmart.

A pharmacy, vision center, credit union, grocery store, hair dresser, automotive section, toy store, bike shop, Home Depot, and Office Depot all under one roof.  I think I got lost twice.

It's Walmart.

Profits measured one penny at a time.  Is Walmart a savior for the poor or does Walmart enable poverty?  Economist can't decide.  Does Walmart help the environment by working with vendors to reduce and remove packaging, and engaging in some environmental friendly projects.  Environmentalists have decided.

It's Walmart.

Self-checkout with a weight sensor to keep you honest.  They've never checked my receipt at the exit.  Is it because I'm white?

It's Walmart.

Patrons leave their carts at the bus stop.  Where did that hour of my life go?",2,3,"The review is mostly neutral and observational, describing the Walmart experience. While not explicitly negative, it's not particularly positive either. The tone is somewhat sarcastic and questioning, suggesting a mixed feeling.",Few-Shot,True
"As mentioned earlier, the best thing about this place is the super cheap, but super delicious lunch bentos.  You get a main dish, rice, salad, and an orange for under $4. If that's not enough, you can get double meat for a buck or two more.  I highly recommend the ginger pork or the katsu.  My friend I normally go with is a big fan of the white fish (fried or grilled).  The sushi here isn't bad.  It's nothing super special, but I don't come here for the sushi so it's not a big knock against the place.

As they would say on ebay: A+++ Great Seller! Would eat here again!!!",5,5,"Strong positive sentiment due to cheap and delicious food, recommendations, and explicit statement of wanting to return.",Few-Shot,True
"Best gyros I've had in the East Valley so far.  The place is nice, but the service was very slow when I went there with a group of people for lunch.  It was my first time there, and maybe I caught them on a bad day?  I'll definitely be back again...",4,4,"Positive sentiment about the food quality (best gyros) and the place itself, but negative sentiment regarding slow service. The reviewer is willing to return, suggesting an overall positive experience.",Few-Shot,True
"I had high hopes for the Habit since I live only a couple miles away, but it was mostly disappointing for me.  I'm vegetarian, so I have no idea how their meat burgers taste, and they may be the best in the world for all I know, but the veggie burger was a tasteless lump for the most part.  I do give them kudos for having a veggie burger, but either put more effort into it, or take it off the menu and go full-on meat!

The service was nice, and I like the design of the place, but there are too many good veggie burgers to be had in the Valley to waste my time eating this one.  Parking lot is super-cramped, so if you need your meatburger fix, then don't come right at 12 or 6, unless you want to park in someone's yard.",2,2,"The review expresses disappointment with the veggie burger, despite praising the service and design. The negative experience with the food outweighs the positives.",Few-Shot,True
"I spent almost 2 years searching for a good nail salon in the North Scottsdale area and I will never go anywhere else again.  It is very clean, the girls are very nice, and they always do a really good job on my nails.  They are upfront about their pedicure prices - they hand you a price sheet that tells you exactly what you get for each upgrade - instead of pressuring you into getting something better and then upcharging you.  I think their prices are super reasonable as well.  For the best pedicure and a french gel manicure I pay $70.  I usually make appointments (Sunday mornings are nicely uncrowded), but I've also walked in and been taken fairly quickly.  I love this place and will recommend it to anyone who asks!",5,5,"Extremely positive sentiment. The reviewer praises the cleanliness, staff, quality of work, pricing transparency, reasonable prices, and overall experience. They highly recommend the salon.",Few-Shot,True
"I love that walking through the doors of the Sugar Bowl is like taking a step back in time but what I don't love is that it looks like it hasn't been cleaned or had any restoration work done since the day it opened. Lets be honest though, I didn't come here for the decor, I came for the ice cream. 

I was very excited when I saw the sundae covered in chocolate, cherries and marshmallow creme. I love marshmallow creme and chocolate, always a recipe for success when these two ingredients are combined. Well, no luck. They were out of marshmallow creme. I got a brownie sundae instead, only ate half and decided that it was only ok. 

I probably won't go back to this place. There are too many good dessert options out there. Though if my friends insisted, I would more than likely oblige.",3,3,Mixed feelings. Positive nostalgia but negative experience with the food and cleanliness. Ultimately unlikely to return.,Few-Shot,True
"Stinkweeds shaped my formative years.  Really.

I started shopping at the (now gone) Tempe location when I was 15.  I had a few older friends into independent music who introduced me to this record store.  I begged my parents for rides and, when that wasn't happening, hopped on the bus for the hour-long trek.  Totally worth it.  100%.  I can't tell you how many awesome bands I began listening to just because I would browse the selection endlessly for something that looked interesting.  If I needed something specifically, Stinkweeds would order it for me if they didn't already have it in stock.  The staff was always welcoming and helpful, sometimes offering their own suggestions.

But it's just a record store, right?  Wrong.  Stinkweeds is the jewel of Phoenix, as far as I am concerned.  Now that it's out in central Phoenix, I make it in far less.  Total bummer!",5,5,"Strong positive sentiment due to the reviewer's formative experience and high praise for the store's selection, staff, and overall value.",Few-Shot,True
"Lately I have been addicted to a good Caprese style sandwich and Pane Bianco's is AWESOME!  I read the previous reviews so I went there expecting a crowd and nowhere to sit.  This did not detract from the experience for me because the quality and freshness of the food was more than enough to get and keep my attention.  The staff were very friendly and helpful, being from the Atlantic Northeast I have high expectations when it comes to Italian done well with personality to boot. I did not want to wait till I got home to eat my so good smelling prize so I went outside to find picnic style tables and benches.  It was way to hot to sit outside and I was craving iced coffee so I went next door to Lux and was both surprised and relieved to find many of their patrons with Pane Bianco bags openly eating their lunches with drinks from Lux to claim patronage.  Can't wait for a hopefully air-conditioned expansion.",5,5,"Strong positive sentiment due to the reviewer's addiction to the sandwich, high praise for food quality and freshness, and friendly staff.",Few-Shot,True
"I can't stand 50's retro but this place is the cuteness. Well...I haven't technically been inside. Now, I knew this was a hipster hangout, but I wasn't expecting the cute girl in the apron or the boy with tattoos to actually be working on the other side of that window. They didn't seem to mind that I was slightly drenched in sweat having walked there under the sun of a blazing March afternoon. They were quite nice and gave my sister and I a bowl of water for our doggies. Tattoo boy said he would even make us more fries if we wanted. The fries ($2) were not the best  and neither was my grilled cheese ($4) with tomato (yum!) and pickles (?). However, the food had a nice home-made quality to it and was all ready in about a minute. Peeps are right about the high-quality ingredients and the food is inexpensive. Holler.

P.S. Don't forget the Ca$hM0nayyy
or to borrow from a sibling!",4,4,"Despite some criticism of the fries and grilled cheese, the reviewer praises the staff's friendliness, the homemade quality, inexpensive prices, and high-quality ingredients. The positive aspects outweigh the negatives.",Few-Shot,True
"The food is always awesome.  Best in the area.   

The people behind the counter need to pull their heads out of their asses.  Don't be rude to me if I ask for an extra bag to carry my food.  I'd be happy to let the food drop to the floor for you to clean up.",4,3,"The review expresses strong positive sentiment about the food quality but strong negative sentiment about the customer service. Balancing these, a 3-star rating seems appropriate.",Few-Shot,True
"So last Monday the hubs and I got invited out to join some friends for $3 burgers at Maizies ($4 if you add cheese)

For 4 burgers (All with cheese on them) and 4 beers our total bill was only $30!!!!!!!! That is a smoking deal if I ever did see one! 

Our burgers came out fast and hot. They serve them on chibata bread! They give you a little side of chipotle mayo that is delicious, but not enough to cover a burger.


Our waiter was super fast and friendly! We will for sure be going back",4,5,"Positive sentiment due to the great deal, fast and hot burgers, delicious chipotle mayo, and friendly waiter. The reviewer explicitly states they will return.",Few-Shot,True
"Okay, judging a Vietnamese restaurant on the decor is a little jaded IMHO.  Ambience is certainly a factor when dining, and if that's your most pressing criteria you're probably not fit to go into most Vietnamese places.
Pholicious does a great job with their food-went their for lunch over the weekend and tried their oxtail pho which was very good.  My buddy had chicken & vegetable chow fun which was also delicious.  Sizable portions and the most unique serving of Thai iced coffee I think I've ever had.  Almost like a half old time Italian espresso pot on top of a coffee cup that holds the coffee and condensed milk.  You're supposed to stir this then add the contents to the accompanying glass of ice.  Unlike dummy me who just dumped it in the ice :)",4,4,"Positive sentiment regarding the food quality (oxtail pho, chow fun), portion sizes, and unique Thai iced coffee presentation. The initial comment about decor is a minor detractor but doesn't significantly impact the overall positive experience.",Few-Shot,True
"My favorite thing about this place is the decor. It is crazy beautiful.

I also like that you can get better than average bar food until late and there are so many places to sit, you'll never have an issue with waiting.

Their food is okay, but nothing spectacular. 

I used to live in Arcadia, and I miss it every day. If I were to move back to Phoenix/Scottsdale- I would never even consider a different neighborhood. Across the board, it is the friendliest and most beautiful neighborhood in Maricopa County.

That being said- The Vig represents the lame element of the neighborhood. People with too much money and bad taste. I think someone else called it ""schmoozy"" and that's exactly it!

As a neighbor, we usually rode our bikes- so I can't speak to parking. Do they not still have the shuttle?

Give me The Great Escape, JTs or Postinos any day.",2,2,"Mixed sentiments. Positive aspects include decor and seating, but food is just okay and the reviewer dislikes the clientele.",Few-Shot,True
The food was good and all prepared as I waited.  Looks like a long list of wide ranging bad foods that make you feel so good!,4,4,Positive sentiment about the food quality and preparation.,Few-Shot,True
"Cool place but don't try to arrange a special event. The proprietor was arragont, unflexible and unethical when I held my friend's bachelorette party at The Duce. Be warned!",1,1,"Strong negative sentiment due to arrogance, inflexibility, and unethical behavior of the proprietor during a special event.",Few-Shot,True
"The greatest community that I've ever been a part of!  Gilbert Crossfit isn't just a place where you can get in the best shape of your life... it is a community of friends that share the same outlook on life, support eachother in everything they do and truly care about one another.  Getting in shape and doing things you never thought possible is just the added benefit of being part of this group. 

If you are looking to get in shape, live a long healthy life, and have fun with a great group of people... come by Gilbert Crossfit.. You'll never go back to a Globo Gym again!",5,5,Extremely positive sentiment expressing strong community and life-changing benefits.,Few-Shot,True
"I cant get enough of the Chicken Pesto with Feta sandwich here.  This place has a great sandwich for a reasonable price.

My only complaint is that they literally put mushrooms on EVERYTHING, but, if you are a mushroom fan, live it up. 

On another not, if you like fresh lemonade, you must get a glass of it here.  It goes great with any sandwich.

If you are in a Pasta mood, The chicken pesto pasta is excellent.",4,5,"Strong positive sentiment about the food quality and reasonable prices, outweighing the minor complaint about mushrooms.",Few-Shot,True
"Eyebrows are a very touchy subject. I'm literally convinced that unless you make some serious cash, finding an excellent and meticulous aesthetician is like finding a needle in a haystack. Well, Yelpers, I've been searching in this haystack for three months too long, and each time I leave thinking, ""They really don't listen to what I requested and I wasted money."" So, I decided, no longer was I going to leave spending $20.00 (tip included) on mediocre brows. I went back to doing my own, and I am completely satisfied.  Plus, the music selection is terrible. A positive, it's neat that they text you a 24 hour reminder notice. However, you better be sure you show up, because they do charge fees for tardies and no-shows.",3,2,"The reviewer expresses dissatisfaction with the eyebrow service, stating that the aesthetician didn't listen to their requests and that they wasted money. They are now doing their own eyebrows and are more satisfied. The music selection is also terrible. While there's a positive about the reminder texts, the fees for tardiness and no-shows are a negative.",Few-Shot,True
"Finally a place to watch local sports with sound.  I always find it unbelievable that many sports bars here in town look past our local teams and support the foreign hoards from Wisconsin, Minnesota, NY, Illinois etc..  Not at Dukes...local first.

Please return to your frozen tundras and leave us with the Suns, Cardinals, Devils and Coyotes.

The food here is nice bar/pub fare and is always fresh and hot.  Drinks are plentiful and service respectable.  Would like to see a little more variety on the taps but other than that Dukes is a great place to catch a game.",3,4,"Positive sentiment overall. The reviewer appreciates the focus on local sports, enjoys the food quality, and finds the service respectable. The only minor complaint is the limited tap variety.",Few-Shot,True
"I agree with Rachel C. & Luciana L. on the parking situation and the logistics of the whole place.  Although I will probably go again because my kids do enjoy it and I was able to get the last paid parking spot (at 11am).  I have been to this event and others in downtown Glendale and they can't handle the volume of people that go to these things.  Downtown Glendale is similar to downtown Scottsdale but 1/10th the size and capacity.  There are tons of little shops in a historic district with ONE parking garage and whats worse is you will pass many empty lots that they pay cops to stand around just to make sure you dont park there.  I finally ask a police officer where CAN we actually park.  Anyway, the event was cool with lots for the kids, it is a farmers market that sells food you would find at the fair thrown in with some chocolate vendors, jumpers and carnival type rides for the kids in separate areas that require separate tickets for each area (this was way annoying too).  Glendale could do better by putting up directories everywhere for people to know where they are, where bathrooms are, and they could spread things out and offer more space per human being (I am sure this place is stupid in the evening).  Plus they need to do something about parking, even if they build a HUGE garage and charge $20 a car at least there would be options for people who dont want to walk a mile before they walk around for miles....

All that said, we will probably go next year because we still do not know the definition of insanity.",3,3,"Mixed sentiments. The reviewer highlights parking and logistical issues, but also mentions their kids enjoy it and they would likely go again. The negative aspects are balanced by the positive experience for the children.",Few-Shot,True
"I love you, Marquee Theatre. 

Just last night I saw Dashboard Confessional here and it was packed. 
I have seen many shows here and I have not a single complaint about The Marquee. The bartenders are really friendly, the bouncers do a great job, and the bands they have play here are always phenomenal. Not to mention, the sound guys do an awesome job. 

I love how big it is in the Marquee, because it allows for tons of people to see a great show. One thing that most venues fail at is keeping it cool inside of the venue, The Marquee on the other hand does a tremendous job of keeping the temperatures bearable in there. 

The only thing I hate (and this has nothing to do with The Marquee itself) is that I am always standing next to belligerently drunk, annoying girls who can't seem to keep their mouths shut during a set.... Please don't speak... I am listening to Chris Carrabba's angelic voice, thanks. 

All in all, I think that The Marquee Theatre is my favorite venue of all time.",5,5,"Extremely positive review with multiple compliments about the venue, staff, and overall experience. The only complaint is about other patrons, not the venue itself.",Few-Shot,True
"Heart be still I loved this place. Way better than I expected. I had the spicy noodles and they were delicious, flavor great and quality was on point. For desert the sticky rice with mango, I dream about it now. Highly recommend if you are in the mood for Thai food. I'll be back!",5,5,"Strong positive sentiment expressed with phrases like 'loved this place', 'delicious', 'flavor great', 'quality was on point', and 'highly recommend'.",Few-Shot,True
"What can I say? Like the rest of joes restaurants, this place is great! Keep them coming Joe!",4,5,"Enthusiastic positive sentiment, indicating satisfaction.",Few-Shot,True
"Been wanting to try this place out for some time and finally had the opportunity today.  I didn't expect much of a crowd on a Friday morning, however when we pulled in I was shocked to see about 10 people waiting outside.  Typical for a weekend morning breakfast joint.....but a weekday?  This place must be good.  Suprisingly, the wait was short...they obviously know how to handle a crowd at this place.  Once inside, I was impressed.  Pretty small, but we had plenty of room in our booth.  I ordered the eggs and sausage, which came with toast and potatoes. The food came out quick.  The thing that really set it apart was the meat.... this was no Jimmy Dean.  It was worthy of Abe Frohman, Sausage King of Chicago.  Needless to say, I'm looking forward to going back and trying some more items on the menu.",4,5,"The reviewer expresses positive sentiment about the short wait time, the interior, and especially the high quality of the sausage, indicating a very positive experience.",Few-Shot,True
"One of my top choices for downtown Phoenix. Always an upscale, posh vibe, but with very generous prices on entrees. Good looking people throughout this bar. 

The Kisras are VERY tasty and a good spin off the typical flatbreads at many restaurants now. 

Brunch here on Saturdays or Sundays-- great drink specials too.",5,5,"Positive sentiment: upscale vibe, generous prices, tasty food, good looking people, great drink specials.",Few-Shot,True
It's not only a book store but also a community wherein a lot of readers meet. They also have a wide selection of used and unused books as well as novelty items so I get to do my shopping at the same time!,4,5,"Positive sentiment due to the bookstore being a community hub with a wide selection of books and novelty items, making it a convenient shopping destination.",Few-Shot,True
"Im a sucker for great libations and the stores that can carry the works.. Zinfandel for me.. Magners for my boy.. ( a great Irish cider we fell in love with in SF)..
great tequilas.. all types of wines.. you get my sniffster...",5,5,Positive sentiment indicating satisfaction with the selection of drinks.,Few-Shot,True
"Alberto was so cute!  He cheerily greeted us and showed us to the bar.  We ordered the bruschetta with wine while we waited for our to-go order to be prepared.  Alberto visited with us briefly to ensure we enjoyed our bruschetta - and we loved our appetizer!  YUM!  Fresh, fresh, fresh tomatoes and bursting with flavor!  It was fun just being a part of the experience at Alberto's!.

Try the desserts!",4,4,"Extremely positive sentiment expressed, highlighting excellent service and delicious food.",Few-Shot,True
This is just like Filiberto's. Fast-food mexican food. It's really good and taste pretty authentic to me. My hubby and I stopped in for a quick bite to eat and we went there because he heard it was good from his co-workers. I'm a huge critic of mexican rice and beans and this place has it down. I got the lunch special of the day which was 2 bean tostadas with beans and rice. It was sooo much food and I was so stuffed!  Next time I will get something smaller. You can't beat all that food for $5! They have a good salsa bar with all the fixings!,3,5,"Positive sentiment due to good food quality, large portions, and affordable price.",Few-Shot,True
"I have driven past this place a million times and never stopped, so today I did.
I basically was in an overpriced Subaway called Port of subs. The sub was ok, nothing special. They do not have a good variety of bread choices and none of their subs really sounded that good. I was SUPer starving, if I wasn't I probally would have left and ate somewhere else.

The staff was very nice and the place was clean. I do think I will eat there again.",2,2,"Mixed sentiment. The reviewer found the food and variety lacking and overpriced, but the staff was nice and the place was clean, and they would eat there again.",Few-Shot,True
"Vegan Mexican with a urban funk to it. Should it work?  I dont know. Did it work?  Not really.

We walked in, it was empty quiet and after 20 seconds a surprised guy walked in and greets us. We take out seat on the purple booths and browse the menu while we sip watermelon water. Things got a bit stranger from there.

The menu had many interesting options, but each one we tried to order we found out that the didn't have chips, mushrooms or chorizo, key ingredients in many of the things on the menu. We had to just ask what can we order.

We ordered and waited, as the sun set it became quite dark as no one had turned on the lights. Another customer walked in but the waiter was busy working as a cook. It became even darker as we waited. The other customer finally was given a menu and the lights were turned on, however it was still pretty dark. 

Our tacos came, they were a bit small we each had 2.5 tacos I assume the 1/2 a taco to make up for the lack of chips on the side.

The tacos them selves were good, nice flavors crunch etc. for $8-$9 they should be good.  However the other problem sunk in as we were leaving, we were still hungry and after $21 and 45 min we were less than happy.

The next day they had posted a photo to Facebook, not about their food, or a special but look how how our waiter/cook is.   

So I guess if you want to look at toned male waiter this is your spot. Otherwise there are many kinks that need to be worked out.",2,2,"The review describes multiple negative experiences: missing ingredients, slow service, dark environment, small portions, and feeling hungry after the meal. While the tacos themselves were good, the overall experience was unsatisfactory.",Few-Shot,True
Very typical mexican food. nothing special.,3,3,"Neutral sentiment. The food is described as typical and not special, indicating an average experience.",Few-Shot,True
"I have heard about this place for couple years before I actually get to try it out. Their guacamole burger is my favorite, and the Peanut Butter Malt was just amazing!! First time I tried, I ended up getting another one to go. They also have corn beef sandwich on Thursday, which I haven't get the chance to try yet. Only thing I dislike is that they close at 8 pm which is a bit too early for me.",4,5,"Strongly positive sentiment due to favorite burger and amazing malt, with a minor complaint about closing time.",Few-Shot,True
"I really like this place! Plenty of room, very organized. And is willing to help you out. Price is very acceptable @ $7.00 a day. They have ear plugs, targets and beverages to purchase at a reasonable price. If it's your first time there is a 10 min video they want you to watch. It's diffidently a great place to go, just have to watch out for dumb A$$ like myself. I tend to have a major brain freeze. But the workers there are nice enough to let me know what I did wrong in a polite way. Give me time! I promise I won't shoot anyone! I'll get better.",4,5,"Strong positive sentiment due to liking the place, good organization, helpfulness, acceptable price, and polite staff.",Few-Shot,True
"What a treasure! It's hidden behind downtown skyscrapers so you would never imagine it existed. The contra dancing once a month is a ton of fun and it's done to eclectic live music that sounds like a cross between Irish folk music and hillbilly blue grass. 

The wood dance floor can get crowded and in the summer the air conditioning doesn't get the job done for the people who do this very aerobic dance. If a/c was better I would give it a 5 star.

Parking is easy and seems to be very safe.",4,4,"Positive experience overall, but the air conditioning issue prevents a 5-star rating.",Few-Shot,True
"I struggled a lot on whether to give this a 3 or a 4. Honestly, I'm not happy with my decision and I'm thinking it may deserve a 3. This place is new to me, but I'm no stranger to ""Mongolian BBQ"" as I've been a long-time fan of YC's. Obviously I'm going to compare the two. 

I liked that they had fresh meat, but it was a little fatty and since they use thicker chunks as opposed to shaved and frozen, it takes longer to cook your food. They seem to stack up orders on the hot disc. It definitely lacks the flair you get when eating at YC's, but the novelty of that wears off after a few times anyway. Plus, I know it's wrong, but I prefer the frozen shaved meats to these chunks. It's just different though - I wouldn't say frozen is better, just that I prefer it. 

I would even go so far as to say I preferred a lot of their fixin's outside of the meat. They had a better selection of spicy powders and sauces than YC's, and this place definitely caters to the spicy food lover more. They also had better vegetables. I should also mention they have a better selection of meats including two types of beef and even shrimp and scallops. Even your choices of noodles and rice was more extensive. Come to think of it, they really beat the shit out of YC's hands down in the available food department.

And taste? Well, it was delicious I must say. Of course, I assembled the dish, so if it wasn't any good I have to accept at least part of the blame if not all. If I had to compare, I'd say YC's is very reliable and good consistantly because I tend to always create roughly the same dish. GG's I could see having a much broader range of flavors and experiences. 

The ambiance was okay for a strip-mall restaurant. It was kinda kitschy, but charming enough and fairly comfy. They had attention to detail. I think YC's (depending on which one you go to) is a ""no frills"" sort of place compared to this. They were piping in some good contemporary alternative music as well... for a minute, I thought someone had lifted my ipod.

Service was attentive, but odd since this is a ""get your own food"" kind of place... They also have menus which is strange considering you basically put your own dish together and since the server explains the process again to you in detail. I felt a bit like a child being explained something so simple and obvious, but my girlfriend had a confused look on her face, so maybe it's a good thing they do that. Regulars probably just get escorted over to the line.

I think my main gripe with it was the tiny bowl they gave me for the fixin's... but then again, you aren't putting noodles or rice in there like you do at YC's - they add that as they cook it for you. So I suppose the portions are comparable. Then there's the price. A little high perhaps - maybe higher than YC's (I know they used to be 5 bucks for a lunch bowl). But you do get a lot for your money if you know how to pack the food in the bowl. 

So I guess I was right to give it a 4 instead of a 3... turns out I really liked it. I think this would be a real treat for someone who hasn't had Mongolian BBQ before. I consider this to be a great alternative to YC's... Impressive.",4,4,"The reviewer was debating between 3 and 4 stars but ultimately decided on 4, indicating a positive experience with some minor drawbacks. They highlight the fresh ingredients, better selection of fixings, and delicious taste, while also noting some issues with the meat and bowl size.",Few-Shot,True
"I had a hankering for raw fish today and decided to give Moto a try.  Overall I was pleased.

The menu had a wide variety of tempting Asian treats but I was here for fish, so I ordered the sashimi combo with a bowl of Miso.

The soup was a bit odd.  It seemed to be normal Miso soup with some shredded cabbage tossed in.  The cabbage added a texture that I didn't really want but it was easy to eat around it.

The presentation of the sashimi was interesting.  I had a pinwheel of fishy goodness with yellowtail, smoked salmon and tuna.  The fish tasted quite fresh and the portions were generous.

When I need a sushi fix for lunch I'll be returning to Moto.",3,4,"Positive experience with fresh fish and generous portions, despite a minor issue with the miso soup. The reviewer intends to return.",Few-Shot,True
"I cannot believe all these negative reviews. 

First I'd like to start with the prices. Don't get me wrong, I love a good deal, BUT, if you are going to complain about how jobs in America are moving to China and India and not shop at AA because of their prices, then you are a hypocrite. AA supports US jobs and their factory is here in the states where they actually care about ethics and their employees. And, they have sales too, I have been in this store more than a few times and seen 30% - 50% off sale signs. And, on their website you can shop the sale section and save up to 75% if not more.

To the clothes - I understand some people may be weirded out and flash back into the 80's when they see the clothes here, as I have read from the reviews on here, BUT, these clothes are actually very stylish and a simple top with a simple pencil skirt  from AA and with some accessories you have a fab outfit. If you are looking for something not so simple try a white strapless romper with their petticoat skirt, add some accessories, and your done. 

The sizes - I am size 4-6 with curves, and the clothes from here fit me fine. I can understand the frustration if you are a little bigger and have had a hard time fitting into the clothes from AA. But, the good thing is that AA is now coming with XL sizes in some of their clothing. 

The models - I love the fact that the models are real and barefaced. As someone who has struggled with a skin condition, I always hate walking around the mall only to see photoshopped perfect faces surrounding me. I always feel comfortable when I walk into AA.

This store - I have never had a bad experience. Always a good one. i like the store, the employees have always been nice to me, I have no complains.",5,5,"Strongly positive review, defending the store against negative reviews and praising the prices, clothes, sizes, models, and overall experience.",Few-Shot,True
"I can't help but love this place. I've been going here since, quite literally, the day the opened. I move further away and I keep coming back.

The staff is friendly, the food is delicious, the beer selection constantly rotates to new and interesting beers... and this is basically the de-facto hangout for climbers and cyclists! Really can't go wrong with this place.",5,5,"Extremely positive sentiment. The reviewer expresses strong affection for the place, citing friendly staff, delicious food, great beer selection, and a unique atmosphere. The repeated visits despite moving further away indicate high satisfaction.",Few-Shot,True
Super friendly staff and smoothies come out so fast...delicious too!,4,5,"Positive sentiment regarding staff friendliness, speed of service, and taste.",Few-Shot,True
"I recommend Kona for their American menu but skip the sushi! I ordered a Vegas roll a long time ago and it was horrible! I vowed to never come back until my friend Danielle told me that they have other items on the menu like salads, sandwiches, pasta, and burgers. I caved in and agreed to meet her for lunch at Kona. We shared some cheese and bacon fries. I ordered chicken pesto pasta and she ordered a club sandwich. A friend met up with us while we were having lunch and they gave him a huge slice of red velvet cake for his birthday! Friendly service and great food. What more can you ask for? I am now a huge fan of Kona and I can't wait to come back!",4,5,"Strong positive sentiment overall, despite a past negative experience with sushi. The reviewer praises the American menu, friendly service, and food quality, and expresses enthusiasm to return.",Few-Shot,True
"I came here for the first time ever on Mother's Day. They were packed ,the line was out the door and down the path. Still they managed to get everyone seated and quickly attended to.
We were a party of 10  our server was so great and i am sorry to say i do not remember her name. She had all 10 drinks refilled continuously. Brought us lemons and cleared the table with amazing speed, as well as taking care of a completely full restaurant packed with Children that were running under foot.   The only down part was that they had plastic dishes but, with all those people what are your choices.
I loved the food. I had shrimp and fish and vegetables.  Nothing fried.       The best part for me was the Chocolate fondu!!  Although there were many different choices. You could never say that you did not like what they were serving.  have seen a million adverts for this place and i am happy that i finally got to go.",5,5,"Strong positive sentiment. Despite being extremely busy, the service was excellent, and the reviewer loved the food and chocolate fondue. The plastic dishes were a minor issue but understandable given the circumstances.",Few-Shot,True
burgers were terribly unoriginal.  french fries came strait out of the safeway freezer section.  the guy working was so hungover it was kind of sad to watch.,2,1,Strong negative sentiment about the food quality and the employee's condition.,Few-Shot,True
"Sorry Jesse had such a bad experience here.  I have been using this place for about, well,  from the week they opened as it is so close to my office.

They have never lost or damaged any of my clothing, and I drop my wife's delicate stuff off here as well for dry cleaning.  They have also always been true to their word on when I can pick up my clothes - although I am usually days late on the pick-up (one benefit of being a clothes-horse I guess). 

Two doors down from Dunkin, so fantastic to drop and pick the rags and then grab a cup o'joe before hitting the office.  The women who work there aren't too hard on the eyes, either, which is always a plus.

Hard to believe they are still using a dot matrix printer, but that has no impact on service.",4,4,"Generally positive experience with reliable service and convenient location, despite outdated equipment.",Few-Shot,True
"Juan Jaime's is where the simple taste of Mexico are served with delectable results.  The kitchen produces vibrant fiesta flavors that left me wanting more. The simple menu offers approachable, exciting, delicious food that satisfies any appetite.  The Margarita's flavor should be praised. And the staff is top notch.  This is just what Chandler needed.  If you go ask for the Grilled Mahi Mahi.  You'll thank me later.  I can't wait to go back.",5,5,"Strong positive sentiment throughout the review, praising the food, drinks, staff, and overall experience.",Few-Shot,True
"Not bad, but not my first choice for the area. The staff are friendly and the food is good, but it just feels too much like a man's club. 
That being said, it is a great place for guys to go for dinner who are really looking for dinner. I think I need more... of something.",3,3,"Mixed sentiment. Positive aspects include friendly staff and good food, but the reviewer expresses reservations about the atmosphere and overall experience.",Few-Shot,True
"God Bless Lifetime Fitness.

First off, let me tell you how much I despise working out.  Like, at times I'd rather drink my own pee than even come within 50 feet of the stair stepper.  

However, LTF (have you noticed that I like to abbreviate?  Get used to it friends...)  makes my gym experience fairly painless.  Steve W, I salute you for aknowledging the value of such a fine work-out establishment, and I actually have many of the same opinions. But because I like to hear myself talk, I'll reiterate some of my favorite points.

First off, I'm absolutely not a fan of children.  Especially at a gym.  Lifetime has FREE childcare for kiddos 12 and under so us singles can flirt our way through our workout without your kids sniffling and screaming.  Kids can play and swim outside under parental supervision at the pool, complete with waterslides and some kid-specifc water fountain spray thing.  They love it.  And I do too.  WATERSLIDES?  I mean come on.  LoveitLoveit.

Lifetime's members span the board, which is nice because I like the fact that I'm not the most out of shape person there.  I also like that there is nice scenery to watch and inspire me to keep my feet on that god forsaken stair stepper.  You may even see a professional athelete or TV personality on occasion.  Who doesnt love that?

You never wait for a piece of equipement because there are tons of machines.  And they are not covered in meathead sweat, which is always nice.

My favorite part of LTF is the group classes.  Excellent teachers, classes every day of the week, and a good variety of options.  I'd like to see more coreographed classes like Hip-Hop, but whatever, Kickboxing Jam is pretty damn close.   

Locker rooms are always spotless, towel service is free, sauna and steam rooms arent full of weirdo naked people, and they have this device that dries your bathing suit in under a minute.  Ingenious!  

I've been a member of a ton of Scottsdale gyms but I drive the extra 20 minutes in rush hour to go to the Tempe LTF.  Doesnt road rage burn calories anyway??  Win-win situation.",5,5,"The reviewer expresses strong positive sentiment towards Lifetime Fitness, highlighting various aspects such as childcare, diverse membership, equipment availability, group classes, and clean facilities. The reviewer also mentions driving extra distance to go to this specific location, indicating high satisfaction.",Few-Shot,True
"As a real estate investor, I need contractors that I can truly count on to get things done for me.  This means that my calls get returned in a timely fashion, work is done properly, quickly and competently but most importantly, that I get quoted a fair price for a good job.  

Don't give me drama and definitely, don't give me any bullshit excuses or sales pitches.

I'm so glad to have found David and Tracy.  They run a tight ship, they are extremely professional and I sensed their sincerity from the word hello and I talk to contractors and real estate agents almost every single day.

Thank you for a job well done.  You have definitely made the cut as part of my go to crew, not only for my rental properties but as a highly recommended vendor to my Sonoran desert friends, colleagues and neighbors.

Cheers!!",5,5,"Strong positive sentiment. The reviewer explicitly states satisfaction with the service, professionalism, and fair pricing.",Few-Shot,True
"A great place to experience some unique and innovative dishes.  The Stetson Chop, of course, is the highlight of my Cowboy Ciao experience, as it tends to be for many others.  But I've also had good luck trying other things on their menu, such as the Mini Mushroom Pan Fry, a less expensive alternative to the entree version.",4,4,"Positive sentiment, highlights unique dishes and a specific favorite.",Few-Shot,True
"The Service is great.  The food is ok.  The salsa.....horrible.  Please rethink your salsa.  Oh, and if you order a side of jalapenos they charge $1.99.  I have never heard of a Mexican restaurant charging for jalapenos.  Overall, just an ok place.  There are better options on and around Mill.",3,3,"Mixed sentiment. Great service, ok food, but negative comments about the salsa and extra charge for jalapenos. Ends with 'just an ok place'.",Few-Shot,True
"Since this is a Kimpton Hotel my standards are fairly high. 

The reception area and pool are very well done, in typical Kimpton fashion. The rooms are nice, however could use more work. The bathrooms are completely remodeled, but the little amenities that I'm use to like the Ipod docking station, flat screen tv, cordless phone, room service past 11pm and multiple outlets (i'm an electronics junkie) just aren't there. The room really feels like any other average hotel. 

The spa was lovely, but it is not a full spa. I was hoping to sit in the steam room before my 90min massage, but unfortunately there wasn't one to sit in. The massage room was nice and the largest I had ever been in. It had it's own private bath/changing room and a large copper tub close to the actual massage table. I was pretty bummed I didn't add a bath to my massage. 

All in all I would stay here again since it's in a great location. Plus, the guys at the bell desk will give you a ride (within 3 miles) in a Cadillac Escalade free of charge. That was a great when it came time to partying at night!",4,4,"Mixed sentiments. Positive aspects include the reception, pool, spa, and free rides. Negative aspects include missing amenities in the room and the spa not being a full spa. Overall, a somewhat positive but not outstanding experience.",Few-Shot,True
"Had lunch here with my wife today. It's the second time I've been and her first. After my first visit it rocketed into my top five favourite restaurants of all time. They have some top notch food, and the best thing is that it's such a deliciously welcome change from the bottom-feeder's Mexican crap that you see all over Phoenix. The menu is varied and I think I eventually will want to try everything. Appetizers include fried alligator and frog's legs. The main I had today was their Mardi Gras Pasta, which is linguini with tomato, thin-sliced garlic, andouille sausage, crawfish meat, onion and delicious shrimp topped with a really nice creamy sauce. Absolutely delicious. The wife had mahi-mahi with an even NICER sauce, and dirty rice on the side. Although a tiny bit on the pricy side it's definitely worth coming back to. Large open seating (outdoor seating also available), dimly lit, old-style jazz, a large full-service bar and a very quaint outside waiting area with water feature, giant fans etc. The service was also great and both times I've been, the waiters have been very helpful (the first guy told me that if I got the large serving of alligator, to try it 'half-blackened' - a great tip which allowed me to taste both 'styles' of the appetizer). They also have things I've not heard of before like etoufee and opelousas. If my dad didn't live over seven thousand miles away I'd take him here in an instant - he'd absolutely love the place. You will too.

Oh yeah, they have creme brulee (with fresh fruit) and sweet potato pecan pie, amongst other things, for dessert. We had the latter - yum.",5,5,"Extremely positive review with detailed descriptions of delicious food, great service, and pleasant atmosphere. The reviewer explicitly states it's one of their top five restaurants.",Few-Shot,True
"Thanks fellow yelpers for brining us to Four Peaks!  My husband and I were stuck in Phoenix for the night and needed a place for dinner.  Ironically we ended up at Four Peaks (a Vikings bar) on our way back home to Minnesota.  

My husband loves beer (brews a ton of his own) and especially enjoyed the beer sampler. Trying 10 beers for around $9, yes please!  I don't really love beer so I had a cider and it was exactly what I needed.  For dinner I had the turkey burger with fries.  The turkey burger was standard but the fries were awesome.  I think it was the beer batter.  My husband go the carne adovada and he raved.  I think he may try to convince me to fly back to Phoenix just for that dish!

The atmosphere was also great.  It was very laid back and fun to be able to sit amongst the beer being made.  

I highly recommend Four Peaks whether you are a Phoenix native or otherwise!",5,5,"Strong positive sentiment due to enjoyment of beer sampler, cider, fries, carne adovada, and atmosphere. Highly recommends the place.",Few-Shot,True
"I've got mixed feelings about at&t... just as I'm sure that most people have mixed feelings about their mobile carrier.  But this review isn't for at&t as a company, it's just for the Scottsdale store where I stopped in recently to return a phone.

Long story, but I had a temporary android phone and hated it.  After hours (literally hours) on the phone with at&t customer service, I worked it out so that I could return my android phone at this store and then head over to the apple store with my upgrade eligible status to get the new iPhone.  That part is another story, and took longer than expected, but luckily, I did have a decent experience at this store thanks to the help I received from Hasen, the retail sales consultant that helped me out. 

I hope there isn't really ever a need to return to this store, but if you must go, ask for Hasen... he was friendly, answered my questions, and provided the service I was seeking in a speedy yet attentive manner.",4,4,"The review expresses mixed feelings about AT&T in general, but praises the specific store and employee (Hasen) for providing good service. This suggests a positive, but not overwhelmingly positive, experience.",Few-Shot,True
"Yummy pancakes made from special house batter were perfectly golden, light/airy & spongy in texture, and had a subtle maple flavor even without the addition of their syrup.  Pancakes are their flagship breakfast entree, though you can choose from the many other items including omelettes, french toast, or the common 2-egg with sides combos.

This place has a local owner with a family member as the chef named Dean that is admired by most patrons.  Oh, and he's the one who makes the delicious pancakes of course.  Atmosphere is clean, sterile, and almost like an old hospital cafeteria from decades ago (notice the operating room blue colored booths).  

Patrons are almost exclusively senior citizens and the feel is relaxed, comfortable, and really is a throwback to casual breakfast spots were in the past.  Location is on the north side of Peoria just before 99th ave., not far west of the 101.  It's an older strip mall with ample parking, but down't be thrown off by the modest exterior (restaurant is to the far right when you enter the lot).

I really like this place because of the overall vibe, friendly service, and pancakes.  It's also a nice getaway from Millennials.",4,4,"The review expresses overall positive sentiment, highlighting the delicious pancakes, friendly service, and comfortable atmosphere. While the decor is described as sterile, the reviewer explicitly states they 'really like this place'.",Few-Shot,True
Julio G's lunch menu offers some very delightful dishes.  I recommend the beef flautas special with rice and beans. The wait staff was very nice and efficient.  Good group restaurant spot!,4,4,"Positive sentiments regarding food quality, service, and suitability for groups.",Few-Shot,True
"We love this restaurant. It's a family-owned place and you always feel welcome. The food is excellent, especially compared to On the Border, etc.

Order the guacamole.

A tad pricey but it's North Scottsdale, so what do we expect?",4,5,"Strong positive sentiment: loves the restaurant, feels welcome, excellent food, and discounts the price due to location.",Few-Shot,True
The folks here are the best!,5,5,Strong positive sentiment expressed about the people.,Few-Shot,True
"I have been dying to go here since a coworker's spouse is one of the chefs. We finally went  last night  before the Symphony and it was a very good dining experience. The food came impossibly fast. The shrimp and Sausage Po Boy sliders were heavenly. The bread is this roll type of joy like break back east. Yum. You know the type of bread you can't find in AZ or west of the Rockies as Al Pacino would say-lol!They also served the bread basket with a veggie type of garnish if mixed with butter and put on the bread it had a very pleasing taste to it. Innovative menu- Lobster Potpie and Duck Quesadillas. HMMMMMM! Interesting. I had a side of Mac and cheese which is what I had heard about for so long and a Caprese Salad. My friend had divine Salmon. I am not a Salmon fan but i tasted it and it was yummers. My Ice tea was tasty and my friend had  a Basil Mojito that was mixed well. I don't like them usually because they are so strong mouthwashy tasting, but this had a nice blend to it. The restaurant decor is beautiful.We did not get desert but I want to go back and try those Seasalt sticks. All in all I loved going here. DT was packed last night due to Wrestle-Mania but we were in and out  in an hour at 5ish, so try that time to avoid crowds. Service was great despite other reviews. I know great service and I had it.",4,5,"The review expresses overwhelmingly positive sentiments regarding the food, service, and overall dining experience. Terms like 'heavenly,' 'yum,' 'divine,' and 'loved' indicate strong satisfaction.",Few-Shot,True
"Dilemma: where the heck to find a nice place to eat near AZ Fairgrounds/Grand? (Shiverrrrrrrrrrrrr)

Promblem solved!  Found the answer @ Fez!

Candace was super speedy, always had a smile, and returned to our table about a dzn times in the 90 mins we were here.

Gazpacheo & Grilled Crustini was OMG good!  (problem was it only came with 3 tiny pieces of bread, had to ask for more, got few pieces of pita, still had 1/2 left bowl of gazpacheo, asked for more bread - cuz like what the heck are you going to do with a bowl of dip otherwise? and they charged us for the extra bread?  x 2 ?  not cool).

Cheese & Garlic Fondue was pretty good.  So was the Chicken Strips.

Really good drink specials (unfortunately, had none as their specialties are mostly tequila based - not for me!  nor am I a beer drinker, and I did not like their house wine).  But I did have a nice bottle of Sav. Blanc from New Zealand.

Anyhow, this fit the bill at having fabby Nom~Noms before heading over to the Coliseum (~ick~) at the Fairgrounds to see the Roller Derby Girls - Whoop~ Whoop!",4,4,"Overall positive experience with good food and service, but the extra charge for bread was a negative point.",Few-Shot,True
"Okay, so I like Canteen and all, but dear Lord, let's turn that music down a notch! These guys have a great happy hour, but I realistically wouldn't come here if it weren't for that. I quite enjoy the small bites' baby back ribs - the portions are so small, but since they are half price during happy hour, I get two orders! I'm not a big fan of Tequila, but I know they have a big selection (obviously). I really like the atmosphere here, and the service has always been good. I may or may not come back, but we'll see. Three solid stars from me.",3,3,"The review expresses mixed feelings. It likes the happy hour, ribs, atmosphere, and service, but dislikes the loud music and isn't sure about returning. The reviewer explicitly states 'Three solid stars from me.'",Few-Shot,True
"I Felt a sin coming on .......
 if i could give 10 stars i would !!!!

Let me set the scene for you of this Kazilicious Sunday night .....

We enter through  a solid planked door set in the rear ...(oh yes the
truth is inside) candlelit passageway leads you into a sexy,sultry
stone interior that is softened by the plush seating , dim lighting
,wine barrels .. i give his hand a squeeze and smile because we have
hit the mother load within this sinfully sexy speakeasy .The Tuscan
colors coupled with the stone ..deep ,rich ,decadent !!! His hand on
the small of my back as we approach our seats as the intimacy and
ambiance takes hold .

A bowl of olives, 3 cheese fondue with apple ,the Tuscany pizza
....sexy damn noshes ..they know what they are doing here ..soft
...firm....dip....bite ..yesssss SO beyond sexy here.....

Oh and the wine ,nectar of the gods, sign of fertility , here in this
setting it is like Ambrosia ,and your inner God or Goddess will surely
blossom ,and romance will bloom ....
It seems like thousands of labels here - we went with the  M.
Chapoutier Le Sizeranne 98' ....Heady ,earthy ,smoky ,deep ,sweet and
ripe .the smell of currants and berries .lovely texture ,full bodied
.....DIVINE ! let the flirting begin ..coy toying of the glass stem
..sweet smiles ..love words escaping on a whisper  between sips.

We spent around $200 ,worth every penny in my opinion .

Prior to the Kaz , the Rokerij was just about the sexiest spot to me
in the valley ...these two must share the crown .

So to recap ; SEXY, SULTRY,SEDUCTIVE !!!!! posh,swank ...
Good Service , lush wine selection ,yummy tidbits ...
Ambiance up the wazoooo .

A heady experience ..this is where lovers go ,a prelude to the
interlude of love !",5,5,"Extremely positive sentiment, describing the experience as 'sexy,' 'sultry,' and 'seductive' with excellent food, wine, and ambiance. The reviewer explicitly states it was worth every penny and would give 10 stars if possible.",Few-Shot,True
"Visited the restaurant tonight and was very pleased.  I found the decor charming and elegant.  The atmosphere is amazing sans the hustle and bustle of most of the local chain like restaurants.  The place was devoid of the stereotypical Scottsdale element we prefer to avoid.  I found the prices easily justifiable in fact I though them quite reasonable.  We had the three onion tart appetizer, which was spectacular. For entrees we had salmon, filet, and a pair of lamb shanks.  Everything was wonderful.  The presentation was clean and the freshness and quality of the proteins, produce and accoutrement's was immediately evident.  Everything was cooked skillfully.  Had three of the four desserts on the menu.  The chocolate raspberry tart definitely stood out followed closely by the berry tart.  Delicately prepared and presented these were really an unexpected treat.  The environment is wonderful for Dining and chatting with people you actually like. The interior is intimate and it lends itself well to the cuisine.  I found the staff courteous, knowledgeable and professional.  We will be frequenting often and I encourage others to visit.",5,5,"Extremely positive review, praising the decor, atmosphere, food quality, presentation, desserts, and staff.",Few-Shot,True
"This is a great place to shop, grab a bite, eat dessert, relax, or just hang around.

Eat at one of the many excellent restaurants like Christopher's, Seasons 52, Black Chili Mexican, and Capitol Grill. Swing by Royal for a cappuccino, iced latte, or your favorite coffee of the day. Savor frozen delight from Haagen Dazs or Mojo Yogurt -- ahhh my sweet Mojo, you and I have been in an on and off relationship for the past year now... by off I mean the 3 or 4 days a week I'm NOT there :)  .

Movies in the park nights are fun to go to; gasping, laughing, and crying with 200 of your closest (people you probably just met). Get there early for good seats, (about 30 min or more), otherwise you'll be stuck behind a tree or some tall guy you can't see around. Be sure to bring a lawn chair along or a blanket to throw down if you'll be attending one of these events.

The shopping is top notch - but be sure to bring your wallet. Most shops here will cost you at least your first born child, or an equivalent value.

Happy shopping to all my yelping buddies!",5,5,"The review expresses overwhelmingly positive sentiment, highlighting the variety of activities, excellent restaurants, and top-notch shopping, despite the cost. The reviewer clearly enjoys the experience.",Few-Shot,True
"Cracker's & Company has always been a favorite breakfast destination. The food is always delicious and the selection more unique than other restaurants. My husband and I came in for a quiet Anniversary breakfast and although the place wasn't terribly crowded, we were seated right next to a table of ill mannered children and their mothers. I would have asked to move but our waitress was missing in action from the start of our visit. Before our waitress went MIA we ordered our drinks and entrees. In the past I have been given a small carafe of coffee but was only given a cup today which was disappointing. I ordered a carrot cake muffin when I ordered my entree and asked to have it served right away with my coffee. I also asked for the hollandaise sauce on the side of my ""New Princess"" omelet but it was spread over the top when it was delivered to my table along with my muffin. So much for enjoying my muffin with my one cup of coffee.  However, the food was wonderful as usual. The service was horrible and the ambiance was equally as poor. I'd hate to see a wonderful restaurant such as Crackers lose their edge in this competitive food service industry. I'm hoping today was a fluke and the service will improve to its previous caliber.",3,3,"Mixed experience: food was good, but service and ambiance were poor, leading to a neutral rating.",Few-Shot,True
"Awesome job rejuvenating this bar from the dark dive bar it was. They have a great selection of brews from all over AZ, the US, and the globe as well as a very decent wine list. Thus far I've tried the pork tacos and the grilled cheese, both of which were delicious. Service was a little on the slow side as our server was clearly over-loaded.",4,4,"Generally positive review with good food and drink selection, but mentions slow service.",Few-Shot,True
Still flying solo.  My friends took me for dinner here and it was excellent.  Humus appetizer was great.  For main course did broiled chicken pita wrap and it was perfect.  Recommend!,5,5,"Positive sentiment: excellent dinner, great appetizer, perfect main course, and recommendation.",Few-Shot,True
